<configuration scan="true" scanPeriod="30 seconds" debug="true">

    <appender name="STDOUT" class="ch.qos.logback.core.ConsoleAppender">
        <!-- encoders are assigned the type
             ch.qos.logback.classic.encoder.PatternLayoutEncoder by default -->
        <if condition='isDefined("nocolor")'>
            <then>
                <encoder>
                    <pattern>%d [%thread] %-5level %logger{36} - %msg%n</pattern>
                </encoder>
            </then>
            <else>
                <withJansi>true</withJansi>
                <encoder>
                    <pattern>%boldWhite(%d) [%thread] %highlight(%-5level) %yellow(%logger{36}) - %green(%X{REQUESTID}) %cyan(%X{REQUESTURI}) - %msg%n</pattern>
                </encoder>
            </else>
        </if>
    </appender>

    <appender name="THREADLOCAL" class="com.niit.bootstrapper.util.ThreadLocalMemoryAppender"/>

    <logger name="org.springframework" level="INFO"/>
    <logger name="com.niit" level="DEBUG"/>
    <logger name="com.niit.bootstrapper.filter.LogbackResponseServletFilter" level="TRACE"/>

    <root level="WARN">
        <appender-ref ref="STDOUT"/>
        <appender-ref ref="THREADLOCAL"/>
    </root>
</configuration>