<?xml version="1.0" encoding="UTF-8"?>
<beans xmlns="http://www.springframework.org/schema/beans"
	xmlns:xsi="http://www.w3.org/2001/XMLSchema-instance"
	xmlns:context="http://www.springframework.org/schema/context"
	xmlns:tx="http://www.springframework.org/schema/tx"
	xmlns:jdbc="http://www.springframework.org/schema/jdbc"
	xsi:schemaLocation="http://www.springframework.org/schema/beans
		http://www.springframework.org/schema/beans/spring-beans.xsd
		http://www.springframework.org/schema/tx
		http://www.springframework.org/schema/tx/spring-tx.xsd
		http://www.springframework.org/schema/jdbc
		http://www.springframework.org/schema/jdbc/spring-jdbc.xsd">

	<!-- Database properties -->
	<bean id="propertyConfigurer"
		class="org.springframework.beans.factory.config.PropertyPlaceholderConfigurer">
		<property name="location" value="classpath:/META-INF/database.properties" />
	</bean>

	<!-- Configuring a Connection pool dataSource -->
	<bean id="dataSource" class="org.apache.commons.dbcp.BasicDataSource"
		destroy-method="close">
		<property name="driverClassName" value="${jdbc.driverClassName}" />
		<property name="url" value="${jdbc.url}" />
		<property name="username" value="${jdbc.username}" />
		<property name="password" value="${jdbc.password}" />
		<!-- DBCP configuration -->
		<property name="initialSize" value="${dbcp.initialSize}" />
		<property name="maxActive" value="${dbcp.maxActive}" />
		<property name="maxIdle" value="${dbcp.maxIdle}" />
		<property name="maxWait" value="${dbcp.maxWait}" />
	</bean>

	<!-- Initialize db -->
	<jdbc:initialize-database data-source="dataSource" ignore-failures="ALL">
		<jdbc:script location="classpath:/META-INF/sql/DUMP_DATA.sql" />
	</jdbc:initialize-database>

	<!-- JPA EntityManager -->
	<bean id="entityManagerFactory"
		class="org.springframework.orm.jpa.LocalContainerEntityManagerFactoryBean">
		<property name="dataSource" ref="dataSource" />
		<property name="packagesToScan" value="com.niit.collaboration.domain"></property>
		<property name="persistenceUnitName" value="entityManager"></property>
		<property name="persistenceUnitManager">
			<bean
				class="org.springframework.orm.jpa.persistenceunit.DefaultPersistenceUnitManager">
				<property name="defaultDataSource" ref="dataSource" />
			</bean>
		</property>
		<property name="jpaVendorAdapter">
			<bean class="org.springframework.orm.jpa.vendor.HibernateJpaVendorAdapter">
				<property name="database" value="H2" />
				<property name="generateDdl" value="true" />
			</bean>
		</property>
		<property name="jpaProperties">
			<props>
				<prop key="hibernate.cache.region.factory_class">${hibernate.cache.region.factory_class}</prop>
				<prop key="hibernate.cache.use_second_level_cache">${hibernate.cache.use_second_level_cache}</prop>
				<prop key="hibernate.cache.use_query_cache">${hibernate.cache.use_query_cache}</prop>
			</props>
		</property>
	</bean>

	<tx:annotation-driven transaction-manager="transactionManager" />

	<bean id="transactionManager" class="org.springframework.orm.jpa.JpaTransactionManager">
		<property name="entityManagerFactory" ref="entityManagerFactory" />
	</bean>
</beans>
